USE soundpod;

INSERT INTO user(email,name,admin,password) VALUES ('admin','Bob Belcher',1,'password');
INSERT INTO user(email,name,admin,password) VALUES ('dj','Megan Wensel',0,'password');

INSERT INTO user(email,name,admin,password) VALUES ('a@pugetsound.edu','Tom Riddle',1,'password');
INSERT INTO user(email,name,admin,password) VALUES ('b@pugetsound.edu','Avery Richert',0,'password');
INSERT INTO user(email,name,admin,password) VALUES ('c@pugetsound.edu','Glenna Beck',0,'password');
INSERT INTO user(email,name,admin,password) VALUES ('d@pugetsound.edu','Tim Wise',0,'password');
INSERT INTO user(email,name,admin,password) VALUES ('e@pugetsound.edu','Bill Corker',0,'password');
INSERT INTO user(email,name,admin,password) VALUES ('f@pugetsound.edu','Tatiana Williams',0,'password');
INSERT INTO user(email,name,admin,password) VALUES ('g@pugetsound.edu','Cory Gerber',0,'password');
INSERT INTO user(email,name,admin,password) VALUES ('h@pugetsound.edu','Sam Stone',0,'password');
INSERT INTO user(email,name,admin,password) VALUES ('i@pugetsound.edu','Wensley Went',0,'password');
INSERT INTO user(email,name,admin,password) VALUES ('j@pugetsound.edu','Storm Harder',0,'password');
INSERT INTO user(email,name,admin,password) VALUES ('k@pugetsound.edu','Maury Canter',0,'password');
INSERT INTO user(email,name,admin,password) VALUES ('l@pugetsound.edu','Joe Anne Tenpe',0,'password');
INSERT INTO user(email,name,admin,password) VALUES ('m@pugetsound.edu','Jon Snow',0,'password');
INSERT INTO user(email,name,admin,password) VALUES ('n@pugetsound.edu','Tyrion Lannister',1,'password');
INSERT INTO user(email,name,admin,password) VALUES ('o@pugetsound.edu','Frank Gore',0,'password');
INSERT INTO user(email,name,admin,password) VALUES ('p@pugetsound.edu','Richard Sherman',1,'password');
INSERT INTO user(email,name,admin,password) VALUES ('q@pugetsound.edu','Harry Potter',0,'password');
INSERT INTO user(email,name,admin,password) VALUES ('r@pugetsound.edu','Angelica Houston',0,'password');
INSERT INTO user(email,name,admin,password) VALUES ('s@pugetsound.edu','Patrick O\'Hoolehan',0,'password');
INSERT INTO user(email,name,admin,password) VALUES ('t@pugetsound.edu','Laticia Enteron',0,'password');
INSERT INTO user(email,name,admin,password) VALUES ('u@pugetsound.edu','Dewey Cox',0,'password');
INSERT INTO user(email,name,admin,password) VALUES ('v@pugetsound.edu','Agent Smith',0,'password');
INSERT INTO user(email,name,admin,password) VALUES ('w@pugetsound.edu','Dwayne Wade',0,'password');
INSERT INTO user(email,name,admin,password) VALUES ('x@pugetsound.edu','Marshall Mathers',1,'password');
INSERT INTO user(email,name,admin,password) VALUES ('y@pugetsound.edu','Canter Enope',0,'password');
INSERT INTO user(email,name,admin,password) VALUES ('z@pugetsound.edu','Wanda Worries',0,'password');
INSERT INTO user(email,name,admin,password) VALUES ('aa@pugetsound.edu','Cersei Lannister',1,'password');
INSERT INTO user(email,name,admin,password) VALUES ('bb@pugetsound.edu','Aria Stark',0,'password');
 
INSERT INTO radioShow(showid,genre,title) VALUES (67584563,'alt','Bob Plays All The Hits');
INSERT INTO radioShow(showid,genre,title) VALUES (22349008,'loud','Megan And Bob Love Megadeth');
INSERT INTO radioShow(showid,genre,title) VALUES (47584563,'ele','Chillex');
INSERT INTO radioShow(showid,genre,title) VALUES (32349008,'ele','Daft Bunk');
INSERT INTO radioShow(showid,genre,title) VALUES (27584563,'ele','Emancipation Proclamation');
INSERT INTO radioShow(showid,genre,title) VALUES (12349008,'alt','Leave When You\'re Done');
INSERT INTO radioShow(showid,genre,title) VALUES (75876663,'spe','Dave\'s Early Morning Talk Show');
INSERT INTO radioShow(showid,genre,title) VALUES (24543508,'loud','Louder');
INSERT INTO radioShow(showid,genre,title) VALUES (67908063,'spe','We\'re talking about elephants');
INSERT INTO radioShow(showid,genre,title) VALUES (21229008,'loud','Space Candy');
INSERT INTO radioShow(showid,genre,title) VALUES (67988563,'spe','#Dating');
INSERT INTO radioShow(showid,genre,title) VALUES (55349008,'loud','Turn it all around');
INSERT INTO radioShow(showid,genre,title) VALUES (45479243,'alt','Too many show titles');
INSERT INTO radioShow(showid,genre,title) VALUES (28909009,'hip','Biggie v Tupac');
INSERT INTO radioShow(showid,genre,title) VALUES (61245489,'hip','To Pimp a Butterfly and other stories');
INSERT INTO radioShow(showid,genre,title) VALUES (23456508,'hip','So many posters in Wyatt...');

INSERT INTO dj(email,showid) VALUES ('admin',67584563);
INSERT INTO dj(email,showid) VALUES ('admin',22349008);
INSERT INTO dj(email,showid) VALUES ('b@pugetsound.edu',47584563);
INSERT INTO dj(email,showid) VALUES ('e@pugetsound.edu',32349008);
INSERT INTO dj(email,showid) VALUES ('f@pugetsound.edu',27584563);
INSERT INTO dj(email,showid) VALUES ('g@pugetsound.edu',12349008);
INSERT INTO dj(email,showid) VALUES ('h@pugetsound.edu',75876663);
INSERT INTO dj(email,showid) VALUES ('i@pugetsound.edu',24543508);
INSERT INTO dj(email,showid) VALUES ('j@pugetsound.edu',67908063);
INSERT INTO dj(email,showid) VALUES ('bb@pugetsound.edu',21229008);
INSERT INTO dj(email,showid) VALUES ('k@pugetsound.edu',67988563);
INSERT INTO dj(email,showid) VALUES ('n@pugetsound.edu',55349008);
INSERT INTO dj(email,showid) VALUES ('o@pugetsound.edu',45479243);
INSERT INTO dj(email,showid) VALUES ('o@pugetsound.edu',28909009);
INSERT INTO dj(email,showid) VALUES ('q@pugetsound.edu',23456508);
INSERT INTO dj(email,showid) VALUES ('r@pugetsound.edu',61245489);
INSERT INTO dj(email,showid) VALUES ('r@pugetsound.edu',21229008);
INSERT INTO dj(email,showid) VALUES ('s@pugetsound.edu',61245489);
INSERT INTO dj(email,showid) VALUES ('s@pugetsound.edu',55349008);
INSERT INTO dj(email,showid) VALUES ('f@pugetsound.edu',21229008);
INSERT INTO dj(email,showid) VALUES ('t@pugetsound.edu',12349008);
INSERT INTO dj(email,showid) VALUES ('x@pugetsound.edu',32349008);

INSERT INTO showInstance(showid,weekday,time) VALUES (67584563,'Tue','3PM');
INSERT INTO showInstance(showid,weekday,time) VALUES (22349008,'Mon','10PM');
INSERT INTO showInstance(showid,weekday,time) VALUES (47584563,'Mon','10AM');
INSERT INTO showInstance(showid,weekday,time) VALUES (47584563,'Wed','4PM');
INSERT INTO showInstance(showid,weekday,time) VALUES (32349008,'Mon','2PM');
INSERT INTO showInstance(showid,weekday,time) VALUES (27584563,'Mon','3PM');
INSERT INTO showInstance(showid,weekday,time) VALUES (27584563,'Fri','3PM');
INSERT INTO showInstance(showid,weekday,time) VALUES (12349008,'Wed','10PM');
INSERT INTO showInstance(showid,weekday,time) VALUES (12349008,'Thu','10PM');
INSERT INTO showInstance(showid,weekday,time) VALUES (75876663,'Tue','11AM');
INSERT INTO showInstance(showid,weekday,time) VALUES (24543508,'Tue','12PM');
INSERT INTO showInstance(showid,weekday,time) VALUES (67908063,'Wed','6PM');
INSERT INTO showInstance(showid,weekday,time) VALUES (55349008,'Wed','10AM');
INSERT INTO showInstance(showid,weekday,time) VALUES (45479243,'Thu','3PM');
INSERT INTO showInstance(showid,weekday,time) VALUES (28909009,'Sat','1AM');
INSERT INTO showInstance(showid,weekday,time) VALUES (61245489,'Sat','1PM');
INSERT INTO showInstance(showid,weekday,time) VALUES (23456508,'Sun','3PM');
INSERT INTO showInstance(showid,weekday,time) VALUES (21229008,'Sun','5PM');
INSERT INTO showInstance(showid,weekday,time) VALUES (67988563,'Sun','9AM');

INSERT INTO category(name) VALUES ('New DJs\' Forum!');
INSERT INTO category(name) VALUES ('Electronic');
INSERT INTO category(name) VALUES ('Alternative');
INSERT INTO category(name) VALUES ('Loud Rock');
INSERT INTO category(name) VALUES ('Hip-Hop');
INSERT INTO category(name) VALUES ('Specialty');
INSERT INTO category(name) VALUES ('Street Team');
INSERT INTO category(name) VALUES ('Tabling');
INSERT INTO category(name) VALUES ('DJ Tips');

INSERT INTO post(postid,email,content,category) VALUES (1,'admin','Welcome to KUPS! Ask questions and get advice here. And don\'t forget to have fun!','New DJ\'s');
INSERT INTO post(postid,email,content,category) VALUES (2,'dj','Im stoked to be here','New DJ\'s');
INSERT INTO post(postid,email,content,category) VALUES (3,'dj','Post any general station news that you have here!','KUPS');
INSERT INTO post(postid,email,content,category) VALUES (4,'dj','Who is tabling today?','tabling');

INSERT INTO subRequest(origdj,comment,showid,weekday,time,month,day,active) VALUES ('dj','This is a sub request',67584563,'Tue','3PM','May','5th',1);
INSERT INTO subRequest(origdj,comment,showid,weekday,time,month,day,active) VALUES ('admin','Sub request',67584563,'Tue','3PM','May','12th',0);
INSERT INTO subRequest(origdj,comment,showid,weekday,time,month,day,active) VALUES ('a@pugetsound.edu','Ert',22349008,'Mon','10PM','May','11th',1);
